Workbook

Sheet requirements
A1: altair | C1: 5.2.0 | D1: =IF(ISBLANK(C1),B1,C1) -> 5.2.0
A2: asttokens | B2: file:///home/conda/feedstock_root/build_artifacts/asttokens_1698341106958/work | D2: =IF(ISBLANK(C2),B2,C2) -> file:///home/conda/feedstock_root/build_artifacts/asttokens_1698341106958/work
A3: attrs | C3: 23.1.0 | D3: =IF(ISBLANK(C3),B3,C3) -> 23.1.0
A4: blinker | C4: 1.7.0 | D4: =IF(ISBLANK(C4),B4,C4) -> 1.7.0
A5: cachetools | C5: 5.3.2 | D5: =IF(ISBLANK(C5),B5,C5) -> 5.3.2
A6: certifi | C6: 2023.11.17 | D6: =IF(ISBLANK(C6),B6,C6) -> 2023.11.17
A7: charset-normalizer | C7: 3.3.2 | D7: =IF(ISBLANK(C7),B7,C7) -> 3.3.2
A8: click | C8: 8.1.7 | D8: =IF(ISBLANK(C8),B8,C8) -> 8.1.7
A9: colorama | B9: file:///home/conda/feedstock_root/build_artifacts/colorama_1666700638685/work | D9: =IF(ISBLANK(C9),B9,C9) -> file:///home/conda/feedstock_root/build_artifacts/colorama_1666700638685/work
A10: comm | B10: file:///home/conda/feedstock_root/build_artifacts/comm_1691044910542/work | D10: =IF(ISBLANK(C10),B10,C10) -> file:///home/conda/feedstock_root/build_artifacts/comm_1691044910542/work
A11: contourpy | C11: 1.2.0 | D11: =IF(ISBLANK(C11),B11,C11) -> 1.2.0
A12: cycler | C12: 0.12.1 | D12: =IF(ISBLANK(C12),B12,C12) -> 0.12.1
A13: debugpy | B13: file:///C:/b/abs_c0y1fjipt2/croot/debugpy_1690906864587/work | D13: =IF(ISBLANK(C13),B13,C13) -> file:///C:/b/abs_c0y1fjipt2/croot/debugpy_1690906864587/work
A14: decorator | B14: file:///home/conda/feedstock_root/build_artifacts/decorator_1641555617451/work | D14: =IF(ISBLANK(C14),B14,C14) -> file:///home/conda/feedstock_root/build_artifacts/decorator_1641555617451/work
A15: exceptiongroup | B15: file:///home/conda/feedstock_root/build_artifacts/exceptiongroup_1700579780973/work | D15: =IF(ISBLANK(C15),B15,C15) -> file:///home/conda/feedstock_root/build_artifacts/exceptiongroup_1700579780973/work
A16: executing | B16: file:///home/conda/feedstock_root/build_artifacts/executing_1698579936712/work | D16: =IF(ISBLANK(C16),B16,C16) -> file:///home/conda/feedstock_root/build_artifacts/executing_1698579936712/work
A17: feature-engine | C17: 1.6.2 | D17: =IF(ISBLANK(C17),B17,C17) -> 1.6.2
A18: fonttools | C18: 4.46.0 | D18: =IF(ISBLANK(C18),B18,C18) -> 4.46.0
A19: gitdb | C19: 4.0.11 | D19: =IF(ISBLANK(C19),B19,C19) -> 4.0.11
A20: GitPython | C20: 3.1.40 | D20: =IF(ISBLANK(C20),B20,C20) -> 3.1.40
A21: idna | C21: 3.6 | D21: =IF(ISBLANK(C21),B21,C21) -> 3.6
A22: importlib-metadata | C22: 6.11.0 | D22: =IF(ISBLANK(C22),B22,C22) -> 6.11.0
A23: ipykernel | B23: file:///D:/bld/ipykernel_1698244157926/work | D23: =IF(ISBLANK(C23),B23,C23) -> file:///D:/bld/ipykernel_1698244157926/work
A24: ipython | B24: file:///D:/bld/ipython_1701831845989/work | D24: =IF(ISBLANK(C24),B24,C24) -> file:///D:/bld/ipython_1701831845989/work
A25: jedi | B25: file:///home/conda/feedstock_root/build_artifacts/jedi_1696326070614/work | D25: =IF(ISBLANK(C25),B25,C25) -> file:///home/conda/feedstock_root/build_artifacts/jedi_1696326070614/work
A26: Jinja2 | C26: 3.1.2 | D26: =IF(ISBLANK(C26),B26,C26) -> 3.1.2
A27: joblib | C27: 1.3.2 | D27: =IF(ISBLANK(C27),B27,C27) -> 1.3.2
A28: jsonschema | C28: 4.20.0 | D28: =IF(ISBLANK(C28),B28,C28) -> 4.20.0
A29: jsonschema-specifications | C29: 2023.11.2 | D29: =IF(ISBLANK(C29),B29,C29) -> 2023.11.2
A30: jupyter_client | B30: file:///home/conda/feedstock_root/build_artifacts/jupyter_client_1699283905679/work | D30: =IF(ISBLANK(C30),B30,C30) -> file:///home/conda/feedstock_root/build_artifacts/jupyter_client_1699283905679/work
A31: jupyter_core | B31: file:///D:/bld/jupyter_core_1698673822668/work | D31: =IF(ISBLANK(C31),B31,C31) -> file:///D:/bld/jupyter_core_1698673822668/work
A32: kiwisolver | C32: 1.4.5 | D32: =IF(ISBLANK(C32),B32,C32) -> 1.4.5
A33: markdown-it-py | C33: 3.0.0 | D33: =IF(ISBLANK(C33),B33,C33) -> 3.0.0
A34: MarkupSafe | C34: 2.1.3 | D34: =IF(ISBLANK(C34),B34,C34) -> 2.1.3
A35: matplotlib | C35: 3.8.2 | D35: =IF(ISBLANK(C35),B35,C35) -> 3.8.2
A36: matplotlib-inline | B36: file:///home/conda/feedstock_root/build_artifacts/matplotlib-inline_1660814786464/work | D36: =IF(ISBLANK(C36),B36,C36) -> file:///home/conda/feedstock_root/build_artifacts/matplotlib-inline_1660814786464/work
A37: mdurl | C37: 0.1.2 | D37: =IF(ISBLANK(C37),B37,C37) -> 0.1.2
A38: nest-asyncio | B38: file:///home/conda/feedstock_root/build_artifacts/nest-asyncio_1697083700168/work | D38: =IF(ISBLANK(C38),B38,C38) -> file:///home/conda/feedstock_root/build_artifacts/nest-asyncio_1697083700168/work
A39: numpy | C39: 1.26.2 | D39: =IF(ISBLANK(C39),B39,C39) -> 1.26.2
A40: packaging | B40: file:///home/conda/feedstock_root/build_artifacts/packaging_1696202382185/work | D40: =IF(ISBLANK(C40),B40,C40) -> file:///home/conda/feedstock_root/build_artifacts/packaging_1696202382185/work
A41: pandas | C41: 2.1.4 | D41: =IF(ISBLANK(C41),B41,C41) -> 2.1.4
A42: parso | B42: file:///home/conda/feedstock_root/build_artifacts/parso_1638334955874/work | D42: =IF(ISBLANK(C42),B42,C42) -> file:///home/conda/feedstock_root/build_artifacts/parso_1638334955874/work
A43: patsy | C43: 0.5.4 | D43: =IF(ISBLANK(C43),B43,C43) -> 0.5.4
A44: pickleshare | B44: file:///home/conda/feedstock_root/build_artifacts/pickleshare_1602536217715/work | D44: =IF(ISBLANK(C44),B44,C44) -> file:///home/conda/feedstock_root/build_artifacts/pickleshare_1602536217715/work
A45: Pillow | C45: 10.1.0 | D45: =IF(ISBLANK(C45),B45,C45) -> 10.1.0
A46: platformdirs | B46: file:///home/conda/feedstock_root/build_artifacts/platformdirs_1701708255999/work | D46: =IF(ISBLANK(C46),B46,C46) -> file:///home/conda/feedstock_root/build_artifacts/platformdirs_1701708255999/work
A47: prompt-toolkit | B47: file:///home/conda/feedstock_root/build_artifacts/prompt-toolkit_1699963054032/work | D47: =IF(ISBLANK(C47),B47,C47) -> file:///home/conda/feedstock_root/build_artifacts/prompt-toolkit_1699963054032/work
A48: protobuf | C48: 4.25.1 | D48: =IF(ISBLANK(C48),B48,C48) -> 4.25.1
A49: psutil | B49: file:///C:/ci_311_rebuilds/psutil_1679005906571/work | D49: =IF(ISBLANK(C49),B49,C49) -> file:///C:/ci_311_rebuilds/psutil_1679005906571/work
A50: pure-eval | B50: file:///home/conda/feedstock_root/build_artifacts/pure_eval_1642875951954/work | D50: =IF(ISBLANK(C50),B50,C50) -> file:///home/conda/feedstock_root/build_artifacts/pure_eval_1642875951954/work
A51: pyarrow | C51: 14.0.1 | D51: =IF(ISBLANK(C51),B51,C51) -> 14.0.1
A52: pydeck | C52: 0.8.1b0 | D52: =IF(ISBLANK(C52),B52,C52) -> 0.8.1b0
A53: Pygments | B53: file:///home/conda/feedstock_root/build_artifacts/pygments_1700607939962/work | D53: =IF(ISBLANK(C53),B53,C53) -> file:///home/conda/feedstock_root/build_artifacts/pygments_1700607939962/work
A54: pyparsing | C54: 3.1.1 | D54: =IF(ISBLANK(C54),B54,C54) -> 3.1.1
A55: python-dateutil | B55: file:///home/conda/feedstock_root/build_artifacts/python-dateutil_1626286286081/work | D55: =IF(ISBLANK(C55),B55,C55) -> file:///home/conda/feedstock_root/build_artifacts/python-dateutil_1626286286081/work
A56: pytz | C56: 2023.3.post1 | D56: =IF(ISBLANK(C56),B56,C56) -> 2023.3.post1
A57: pywin32 | C57: 305.1 | D57: =IF(ISBLANK(C57),B57,C57) -> 305.1
A58: pyzmq | B58: file:///C:/b/abs_655zk4a3s8/croot/pyzmq_1686601465034/work | D58: =IF(ISBLANK(C58),B58,C58) -> file:///C:/b/abs_655zk4a3s8/croot/pyzmq_1686601465034/work
A59: referencing | C59: 0.32.0 | D59: =IF(ISBLANK(C59),B59,C59) -> 0.32.0
A60: requests | C60: 2.31.0 | D60: =IF(ISBLANK(C60),B60,C60) -> 2.31.0
A61: rich | C61: 13.7.0 | D61: =IF(ISBLANK(C61),B61,C61) -> 13.7.0
A62: rpds-py | C62: 0.13.2 | D62: =IF(ISBLANK(C62),B62,C62) -> 0.13.2
A63: scikit-learn | C63: 1.3.2 | D63: =IF(ISBLANK(C63),B63,C63) -> 1.3.2
A64: scipy | C64: 1.11.4 | D64: =IF(ISBLANK(C64),B64,C64) -> 1.11.4
A65: seaborn | C65: 0.13.0 | D65: =IF(ISBLANK(C65),B65,C65) -> 0.13.0
A66: six | B66: file:///home/conda/feedstock_root/build_artifacts/six_1620240208055/work | D66: =IF(ISBLANK(C66),B66,C66) -> file:///home/conda/feedstock_root/build_artifacts/six_1620240208055/work
A67: smmap | C67: 5.0.1 | D67: =IF(ISBLANK(C67),B67,C67) -> 5.0.1
A68: stack-data | B68: file:///home/conda/feedstock_root/build_artifacts/stack_data_1669632077133/work | D68: =IF(ISBLANK(C68),B68,C68) -> file:///home/conda/feedstock_root/build_artifacts/stack_data_1669632077133/work
A69: statsmodels | C69: 0.14.0 | D69: =IF(ISBLANK(C69),B69,C69) -> 0.14.0
A70: streamlit | C70: 1.29.0 | D70: =IF(ISBLANK(C70),B70,C70) -> 1.29.0
A71: tenacity | C71: 8.2.3 | D71: =IF(ISBLANK(C71),B71,C71) -> 8.2.3
A72: threadpoolctl | C72: 3.2.0 | D72: =IF(ISBLANK(C72),B72,C72) -> 3.2.0
A73: toml | C73: 0.10.2 | D73: =IF(ISBLANK(C73),B73,C73) -> 0.10.2
A74: toolz | C74: 0.12.0 | D74: =IF(ISBLANK(C74),B74,C74) -> 0.12.0
A75: tornado | B75: file:///C:/b/abs_0cbrstidzg/croot/tornado_1696937003724/work | D75: =IF(ISBLANK(C75),B75,C75) -> file:///C:/b/abs_0cbrstidzg/croot/tornado_1696937003724/work
A76: traitlets | B76: file:///home/conda/feedstock_root/build_artifacts/traitlets_1701095650114/work | D76: =IF(ISBLANK(C76),B76,C76) -> file:///home/conda/feedstock_root/build_artifacts/traitlets_1701095650114/work
A77: typing_extensions | B77: file:///home/conda/feedstock_root/build_artifacts/typing_extensions_1695040754690/work | D77: =IF(ISBLANK(C77),B77,C77) -> file:///home/conda/feedstock_root/build_artifacts/typing_extensions_1695040754690/work
A78: tzdata | C78: 2023.3 | D78: =IF(ISBLANK(C78),B78,C78) -> 2023.3
A79: tzlocal | C79: 5.2 | D79: =IF(ISBLANK(C79),B79,C79) -> 5.2
A80: urllib3 | C80: 2.1.0 | D80: =IF(ISBLANK(C80),B80,C80) -> 2.1.0
A81: validators | C81: 0.22.0 | D81: =IF(ISBLANK(C81),B81,C81) -> 0.22.0
A82: watchdog | C82: 3.0.0 | D82: =IF(ISBLANK(C82),B82,C82) -> 3.0.0
A83: wcwidth | B83: file:///home/conda/feedstock_root/build_artifacts/wcwidth_1700607916581/work | D83: =IF(ISBLANK(C83),B83,C83) -> file:///home/conda/feedstock_root/build_artifacts/wcwidth_1700607916581/work
A84: xgboost | C84: 2.0.2 | D84: =IF(ISBLANK(C84),B84,C84) -> 2.0.2
A85: zipp | B85: file:///home/conda/feedstock_root/build_artifacts/zipp_1695255097490/work | D85: =IF(ISBLANK(C85),B85,C85) -> file:///home/conda/feedstock_root/build_artifacts/zipp_1695255097490/work

Sheet matching
A1: altair | B1: 5.2.0 | C1: pypi_0 | D1: pypi | E1: =VLOOKUP(A1,requirements!$A$1:$D$85,4,0) -> 5.2.0
A2: asttokens | B2: 2.4.1 | C2: pyhd8ed1ab_0 | D2: conda-forge | E2: =VLOOKUP(A2,requirements!$A$1:$D$85,4,0) -> file:///home/conda/feedstock_root/build_artifacts/asttokens_1698341106958/work
A3: attrs | B3: 23.1.0 | C3: pypi_0 | D3: pypi | E3: =VLOOKUP(A3,requirements!$A$1:$D$85,4,0) -> 23.1.0
A4: blinker | B4: 1.7.0 | C4: pypi_0 | D4: pypi | E4: =VLOOKUP(A4,requirements!$A$1:$D$85,4,0) -> 1.7.0
A5: bzip2 | B5: 1.0.8 | C5: he774522_0 | E5: =VLOOKUP(A5,requirements!$A$1:$D$85,4,0) -> #N/A
A6: ca-certificates | B6: 2023.11.17 | C6: h56e8100_0 | D6: conda-forge | E6: =VLOOKUP(A6,requirements!$A$1:$D$85,4,0) -> #N/A
A7: cachetools | B7: 5.3.2 | C7: pypi_0 | D7: pypi | E7: =VLOOKUP(A7,requirements!$A$1:$D$85,4,0) -> 5.3.2
A8: certifi | B8: 2023.11.17 | C8: pypi_0 | D8: pypi | E8: =VLOOKUP(A8,requirements!$A$1:$D$85,4,0) -> 2023.11.17
A9: charset-normalizer | B9: 3.3.2 | C9: pypi_0 | D9: pypi | E9: =VLOOKUP(A9,requirements!$A$1:$D$85,4,0) -> 3.3.2
A10: click | B10: 8.1.7 | C10: pypi_0 | D10: pypi | E10: =VLOOKUP(A10,requirements!$A$1:$D$85,4,0) -> 8.1.7
A11: colorama | B11: 0.4.6 | C11: pyhd8ed1ab_0 | D11: conda-forge | E11: =VLOOKUP(A11,requirements!$A$1:$D$85,4,0) -> file:///home/conda/feedstock_root/build_artifacts/colorama_1666700638685/work
A12: comm | B12: 0.1.4 | C12: pyhd8ed1ab_0 | D12: conda-forge | E12: =VLOOKUP(A12,requirements!$A$1:$D$85,4,0) -> file:///home/conda/feedstock_root/build_artifacts/comm_1691044910542/work
A13: contourpy | B13: 1.2.0 | C13: pypi_0 | D13: pypi | E13: =VLOOKUP(A13,requirements!$A$1:$D$85,4,0) -> 1.2.0
A14: cycler | B14: 0.12.1 | C14: pypi_0 | D14: pypi | E14: =VLOOKUP(A14,requirements!$A$1:$D$85,4,0) -> 0.12.1
A15: debugpy | B15: 1.6.7 | C15: py311hd77b12b_0 | E15: =VLOOKUP(A15,requirements!$A$1:$D$85,4,0) -> file:///C:/b/abs_c0y1fjipt2/croot/debugpy_1690906864587/work
A16: decorator | B16: 5.1.1 | C16: pyhd8ed1ab_0 | D16: conda-forge | E16: =VLOOKUP(A16,requirements!$A$1:$D$85,4,0) -> file:///home/conda/feedstock_root/build_artifacts/decorator_1641555617451/work
A17: exceptiongroup | B17: 1.2.0 | C17: pyhd8ed1ab_0 | D17: conda-forge | E17: =VLOOKUP(A17,requirements!$A$1:$D$85,4,0) -> file:///home/conda/feedstock_root/build_artifacts/exceptiongroup_1700579780973/work
A18: executing | B18: 2.0.1 | C18: pyhd8ed1ab_0 | D18: conda-forge | E18: =VLOOKUP(A18,requirements!$A$1:$D$85,4,0) -> file:///home/conda/feedstock_root/build_artifacts/executing_1698579936712/work
A19: feature-engine | B19: 1.6.2 | C19: pypi_0 | D19: pypi | E19: =VLOOKUP(A19,requirements!$A$1:$D$85,4,0) -> 1.6.2
A20: fonttools | B20: 4.46.0 | C20: pypi_0 | D20: pypi | E20: =VLOOKUP(A20,requirements!$A$1:$D$85,4,0) -> 4.46.0
A21: gitdb | B21: 4.0.11 | C21: pypi_0 | D21: pypi | E21: =VLOOKUP(A21,requirements!$A$1:$D$85,4,0) -> 4.0.11
A22: gitpython | B22: 3.1.40 | C22: pypi_0 | D22: pypi | E22: =VLOOKUP(A22,requirements!$A$1:$D$85,4,0) -> 3.1.40
A23: idna | B23: 3.6 | C23: pypi_0 | D23: pypi | E23: =VLOOKUP(A23,requirements!$A$1:$D$85,4,0) -> 3.6
A24: importlib-metadata | B24: 6.11.0 | C24: pypi_0 | D24: pypi | E24: =VLOOKUP(A24,requirements!$A$1:$D$85,4,0) -> 6.11.0
A25: importlib_metadata | B25: 7.0.0 | C25: hd8ed1ab_0 | D25: conda-forge | E25: =VLOOKUP(A25,requirements!$A$1:$D$85,4,0) -> #N/A
A26: ipykernel | B26: 6.26.0 | C26: pyha63f2e9_0 | D26: conda-forge | E26: =VLOOKUP(A26,requirements!$A$1:$D$85,4,0) -> file:///D:/bld/ipykernel_1698244157926/work
A27: ipython | B27: 8.18.1 | C27: pyh7428d3b_3 | D27: conda-forge | E27: =VLOOKUP(A27,requirements!$A$1:$D$85,4,0) -> file:///D:/bld/ipython_1701831845989/work
A28: jedi | B28: 0.19.1 | C28: pyhd8ed1ab_0 | D28: conda-forge | E28: =VLOOKUP(A28,requirements!$A$1:$D$85,4,0) -> file:///home/conda/feedstock_root/build_artifacts/jedi_1696326070614/work
A29: jinja2 | B29: 3.1.2 | C29: pypi_0 | D29: pypi | E29: =VLOOKUP(A29,requirements!$A$1:$D$85,4,0) -> 3.1.2
A30: joblib | B30: 1.3.2 | C30: pypi_0 | D30: pypi | E30: =VLOOKUP(A30,requirements!$A$1:$D$85,4,0) -> 1.3.2
A31: jsonschema | B31: 4.20.0 | C31: pypi_0 | D31: pypi | E31: =VLOOKUP(A31,requirements!$A$1:$D$85,4,0) -> 4.20.0
A32: jsonschema-specifications | B32: 2023.11.2 | C32: pypi_0 | D32: pypi | E32: =VLOOKUP(A32,requirements!$A$1:$D$85,4,0) -> 2023.11.2
A33: jupyter_client | B33: 8.6.0 | C33: pyhd8ed1ab_0 | D33: conda-forge | E33: =VLOOKUP(A33,requirements!$A$1:$D$85,4,0) -> file:///home/conda/feedstock_root/build_artifacts/jupyter_client_1699283905679/work
A34: jupyter_core | B34: 5.5.0 | C34: py311h1ea47a8_0 | D34: conda-forge | E34: =VLOOKUP(A34,requirements!$A$1:$D$85,4,0) -> file:///D:/bld/jupyter_core_1698673822668/work
A35: kiwisolver | B35: 1.4.5 | C35: pypi_0 | D35: pypi | E35: =VLOOKUP(A35,requirements!$A$1:$D$85,4,0) -> 1.4.5
A36: libffi | B36: 3.4.4 | C36: hd77b12b_0 | E36: =VLOOKUP(A36,requirements!$A$1:$D$85,4,0) -> #N/A
A37: libsodium | B37: 1.0.18 | C37: h8d14728_1 | D37: conda-forge | E37: =VLOOKUP(A37,requirements!$A$1:$D$85,4,0) -> #N/A
A38: markdown-it-py | B38: 3.0.0 | C38: pypi_0 | D38: pypi | E38: =VLOOKUP(A38,requirements!$A$1:$D$85,4,0) -> 3.0.0
A39: markupsafe | B39: 2.1.3 | C39: pypi_0 | D39: pypi | E39: =VLOOKUP(A39,requirements!$A$1:$D$85,4,0) -> 2.1.3
A40: matplotlib | B40: 3.8.2 | C40: pypi_0 | D40: pypi | E40: =VLOOKUP(A40,requirements!$A$1:$D$85,4,0) -> 3.8.2
A41: matplotlib-inline | B41: 0.1.6 | C41: pyhd8ed1ab_0 | D41: conda-forge | E41: =VLOOKUP(A41,requirements!$A$1:$D$85,4,0) -> file:///home/conda/feedstock_root/build_artifacts/matplotlib-inline_1660814786464/work
A42: mdurl | B42: 0.1.2 | C42: pypi_0 | D42: pypi | E42: =VLOOKUP(A42,requirements!$A$1:$D$85,4,0) -> 0.1.2
A43: nest-asyncio | B43: 1.5.8 | C43: pyhd8ed1ab_0 | D43: conda-forge | E43: =VLOOKUP(A43,requirements!$A$1:$D$85,4,0) -> file:///home/conda/feedstock_root/build_artifacts/nest-asyncio_1697083700168/work
A44: numpy | B44: 1.26.2 | C44: pypi_0 | D44: pypi | E44: =VLOOKUP(A44,requirements!$A$1:$D$85,4,0) -> 1.26.2
A45: openssl | B45: 3.0.12 | C45: h2bbff1b_0 | E45: =VLOOKUP(A45,requirements!$A$1:$D$85,4,0) -> #N/A
A46: packaging | B46: 23.2 | C46: pyhd8ed1ab_0 | D46: conda-forge | E46: =VLOOKUP(A46,requirements!$A$1:$D$85,4,0) -> file:///home/conda/feedstock_root/build_artifacts/packaging_1696202382185/work
A47: pandas | B47: 2.1.4 | C47: pypi_0 | D47: pypi | E47: =VLOOKUP(A47,requirements!$A$1:$D$85,4,0) -> 2.1.4
A48: parso | B48: 0.8.3 | C48: pyhd8ed1ab_0 | D48: conda-forge | E48: =VLOOKUP(A48,requirements!$A$1:$D$85,4,0) -> file:///home/conda/feedstock_root/build_artifacts/parso_1638334955874/work
A49: patsy | B49: 0.5.4 | C49: pypi_0 | D49: pypi | E49: =VLOOKUP(A49,requirements!$A$1:$D$85,4,0) -> 0.5.4
A50: pickleshare | B50: 0.7.5 | C50: py_1003 | D50: conda-forge | E50: =VLOOKUP(A50,requirements!$A$1:$D$85,4,0) -> file:///home/conda/feedstock_root/build_artifacts/pickleshare_1602536217715/work
A51: pillow | B51: 10.1.0 | C51: pypi_0 | D51: pypi | E51: =VLOOKUP(A51,requirements!$A$1:$D$85,4,0) -> 10.1.0
A52: pip | B52: 23.3.1 | C52: py311haa95532_0 | E52: =VLOOKUP(A52,requirements!$A$1:$D$85,4,0) -> #N/A
A53: platformdirs | B53: 4.1.0 | C53: pyhd8ed1ab_0 | D53: conda-forge | E53: =VLOOKUP(A53,requirements!$A$1:$D$85,4,0) -> file:///home/conda/feedstock_root/build_artifacts/platformdirs_1701708255999/work
A54: prompt-toolkit | B54: 3.0.41 | C54: pyha770c72_0 | D54: conda-forge | E54: =VLOOKUP(A54,requirements!$A$1:$D$85,4,0) -> file:///home/conda/feedstock_root/build_artifacts/prompt-toolkit_1699963054032/work
A55: protobuf | B55: 4.25.1 | C55: pypi_0 | D55: pypi | E55: =VLOOKUP(A55,requirements!$A$1:$D$85,4,0) -> 4.25.1
A56: psutil | B56: 5.9.0 | C56: py311h2bbff1b_0 | E56: =VLOOKUP(A56,requirements!$A$1:$D$85,4,0) -> file:///C:/ci_311_rebuilds/psutil_1679005906571/work
A57: pure_eval | B57: 0.2.2 | C57: pyhd8ed1ab_0 | D57: conda-forge | E57: =VLOOKUP(A57,requirements!$A$1:$D$85,4,0) -> #N/A
A58: pyarrow | B58: 14.0.1 | C58: pypi_0 | D58: pypi | E58: =VLOOKUP(A58,requirements!$A$1:$D$85,4,0) -> 14.0.1
A59: pydeck | B59: 0.8.1b0 | C59: pypi_0 | D59: pypi | E59: =VLOOKUP(A59,requirements!$A$1:$D$85,4,0) -> 0.8.1b0
A60: pygments | B60: 2.17.2 | C60: pyhd8ed1ab_0 | D60: conda-forge | E60: =VLOOKUP(A60,requirements!$A$1:$D$85,4,0) -> file:///home/conda/feedstock_root/build_artifacts/pygments_1700607939962/work
A61: pyparsing | B61: 3.1.1 | C61: pypi_0 | D61: pypi | E61: =VLOOKUP(A61,requirements!$A$1:$D$85,4,0) -> 3.1.1
A62: python | B62: 3.11.5 | C62: he1021f5_0 | E62: =VLOOKUP(A62,requirements!$A$1:$D$85,4,0) -> #N/A
A63: python-dateutil | B63: 2.8.2 | C63: pyhd8ed1ab_0 | D63: conda-forge | E63: =VLOOKUP(A63,requirements!$A$1:$D$85,4,0) -> file:///home/conda/feedstock_root/build_artifacts/python-dateutil_1626286286081/work
A64: python_abi | B64: 3.11 | C64: 2_cp311 | D64: conda-forge | E64: =VLOOKUP(A64,requirements!$A$1:$D$85,4,0) -> #N/A
A65: pytz | B65: 2023.3.post1 | C65: pypi_0 | D65: pypi | E65: =VLOOKUP(A65,requirements!$A$1:$D$85,4,0) -> 2023.3.post1
A66: pywin32 | B66: 305 | C66: py311h2bbff1b_0 | E66: =VLOOKUP(A66,requirements!$A$1:$D$85,4,0) -> 305.1
A67: pyzmq | B67: 25.1.0 | C67: py311hd77b12b_0 | E67: =VLOOKUP(A67,requirements!$A$1:$D$85,4,0) -> file:///C:/b/abs_655zk4a3s8/croot/pyzmq_1686601465034/work
A68: referencing | B68: 0.32.0 | C68: pypi_0 | D68: pypi | E68: =VLOOKUP(A68,requirements!$A$1:$D$85,4,0) -> 0.32.0
A69: requests | B69: 2.31.0 | C69: pypi_0 | D69: pypi | E69: =VLOOKUP(A69,requirements!$A$1:$D$85,4,0) -> 2.31.0
A70: rich | B70: 13.7.0 | C70: pypi_0 | D70: pypi | E70: =VLOOKUP(A70,requirements!$A$1:$D$85,4,0) -> 13.7.0
A71: rpds-py | B71: 0.13.2 | C71: pypi_0 | D71: pypi | E71: =VLOOKUP(A71,requirements!$A$1:$D$85,4,0) -> 0.13.2
A72: scikit-learn | B72: 1.3.2 | C72: pypi_0 | D72: pypi | E72: =VLOOKUP(A72,requirements!$A$1:$D$85,4,0) -> 1.3.2
A73: scipy | B73: 1.11.4 | C73: pypi_0 | D73: pypi | E73: =VLOOKUP(A73,requirements!$A$1:$D$85,4,0) -> 1.11.4
A74: seaborn | B74: 0.13.0 | C74: pypi_0 | D74: pypi | E74: =VLOOKUP(A74,requirements!$A$1:$D$85,4,0) -> 0.13.0
A75: setuptools | B75: 68.0.0 | C75: py311haa95532_0 | E75: =VLOOKUP(A75,requirements!$A$1:$D$85,4,0) -> #N/A
A76: six | B76: 1.16.0 | C76: pyh6c4a22f_0 | D76: conda-forge | E76: =VLOOKUP(A76,requirements!$A$1:$D$85,4,0) -> file:///home/conda/feedstock_root/build_artifacts/six_1620240208055/work
A77: smmap | B77: 5.0.1 | C77: pypi_0 | D77: pypi | E77: =VLOOKUP(A77,requirements!$A$1:$D$85,4,0) -> 5.0.1
A78: sqlite | B78: 3.41.2 | C78: h2bbff1b_0 | E78: =VLOOKUP(A78,requirements!$A$1:$D$85,4,0) -> #N/A
A79: stack_data | B79: 0.6.2 | C79: pyhd8ed1ab_0 | D79: conda-forge | E79: =VLOOKUP(A79,requirements!$A$1:$D$85,4,0) -> #N/A
A80: statsmodels | B80: 0.14.0 | C80: pypi_0 | D80: pypi | E80: =VLOOKUP(A80,requirements!$A$1:$D$85,4,0) -> 0.14.0
A81: streamlit | B81: 1.29.0 | C81: pypi_0 | D81: pypi | E81: =VLOOKUP(A81,requirements!$A$1:$D$85,4,0) -> 1.29.0
A82: tenacity | B82: 8.2.3 | C82: pypi_0 | D82: pypi | E82: =VLOOKUP(A82,requirements!$A$1:$D$85,4,0) -> 8.2.3
A83: threadpoolctl | B83: 3.2.0 | C83: pypi_0 | D83: pypi | E83: =VLOOKUP(A83,requirements!$A$1:$D$85,4,0) -> 3.2.0
A84: tk | B84: 8.6.12 | C84: h2bbff1b_0 | E84: =VLOOKUP(A84,requirements!$A$1:$D$85,4,0) -> #N/A
A85: toml | B85: 0.10.2 | C85: pypi_0 | D85: pypi | E85: =VLOOKUP(A85,requirements!$A$1:$D$85,4,0) -> 0.10.2
A86: toolz | B86: 0.12.0 | C86: pypi_0 | D86: pypi | E86: =VLOOKUP(A86,requirements!$A$1:$D$85,4,0) -> 0.12.0
A87: tornado | B87: 6.4 | C87: pypi_0 | D87: pypi | E87: =VLOOKUP(A87,requirements!$A$1:$D$85,4,0) -> file:///C:/b/abs_0cbrstidzg/croot/tornado_1696937003724/work
A88: traitlets | B88: 5.14.0 | C88: pyhd8ed1ab_0 | D88: conda-forge | E88: =VLOOKUP(A88,requirements!$A$1:$D$85,4,0) -> file:///home/conda/feedstock_root/build_artifacts/traitlets_1701095650114/work
A89: typing_extensions | B89: 4.8.0 | C89: pyha770c72_0 | D89: conda-forge | E89: =VLOOKUP(A89,requirements!$A$1:$D$85,4,0) -> file:///home/conda/feedstock_root/build_artifacts/typing_extensions_1695040754690/work
A90: tzdata | B90: 2023.3 | C90: pypi_0 | D90: pypi | E90: =VLOOKUP(A90,requirements!$A$1:$D$85,4,0) -> 2023.3
A91: tzlocal | B91: 5.2 | C91: pypi_0 | D91: pypi | E91: =VLOOKUP(A91,requirements!$A$1:$D$85,4,0) -> 5.2
A92: urllib3 | B92: 2.1.0 | C92: pypi_0 | D92: pypi | E92: =VLOOKUP(A92,requirements!$A$1:$D$85,4,0) -> 2.1.0
A93: validators | B93: 0.22.0 | C93: pypi_0 | D93: pypi | E93: =VLOOKUP(A93,requirements!$A$1:$D$85,4,0) -> 0.22.0
A94: vc | B94: 14.2 | C94: h21ff451_1 | E94: =VLOOKUP(A94,requirements!$A$1:$D$85,4,0) -> #N/A
A95: vs2015_runtime | B95: 14.27.29016 | C95: h5e58377_2 | E95: =VLOOKUP(A95,requirements!$A$1:$D$85,4,0) -> #N/A
A96: watchdog | B96: 3.0.0 | C96: pypi_0 | D96: pypi | E96: =VLOOKUP(A96,requirements!$A$1:$D$85,4,0) -> 3.0.0
A97: wcwidth | B97: 0.2.12 | C97: pyhd8ed1ab_0 | D97: conda-forge | E97: =VLOOKUP(A97,requirements!$A$1:$D$85,4,0) -> file:///home/conda/feedstock_root/build_artifacts/wcwidth_1700607916581/work
A98: wheel | B98: 0.41.2 | C98: py311haa95532_0 | E98: =VLOOKUP(A98,requirements!$A$1:$D$85,4,0) -> #N/A
A99: xgboost | B99: 2.0.2 | C99: pypi_0 | D99: pypi | E99: =VLOOKUP(A99,requirements!$A$1:$D$85,4,0) -> 2.0.2
A100: xz | B100: 5.4.5 | C100: h8cc25b3_0 | E100: =VLOOKUP(A100,requirements!$A$1:$D$85,4,0) -> #N/A
...

Sheet Sheet3
